p_power_scale,p_power_full_hot,p_power_full_warm,p_power_full_wide,p_gap_hot,p_gap_warm,p_gap_wide,p_gap_bypass,p_pump_head,p_inertia,p_hx_outlet,p_p_ref,p_flapper_fraction,p_flapper_area,p_friction,p_htc,p_t_scram,p_ramp_width,p_z_n,p_stop_at_saturation,status,error,n_warnings,warnings,residual_entry,residual_steady,mdot_hot,mdot_warm,mdot_wide,mdot_bypass,mdot_pump,T_out_hot,t_open,t_rev_hot,t_rev_warm,t_rev_wide,peak_hot,peak_warm,peak_wide,margin,final_hot,final_warm,final_wide,final_bypass,t_last,wall_s,steady_dist,traceback,axis,label,guess_kind,seed,band,atol_rel,rtol,t_end,n
0.3,84000.0,33600.0,50000.0,0.002,0.002,0.003,0.004,35000.0,300000.0,40.0,200000.0,0.3,0.001,regime,dittus,3.0,0.5,10,True,completed,,0,,2.968044222907396,1.1479722988735446e-09,0.5309560646716711,0.5266320276461437,1.0428620213114417,1.6786866187916274,3.779136732420884,51.35371938948467,77.78238235236766,1122.0,1564.0,1928.0,88.08257069723581,71.05516342558712,64.21082714431876,32.21144883141538,-0.0034721767649845787,-0.0019006995184254133,-0.00360047337125671,0.010761431600736457,2500.0,51.00041347500064,,,power,power_scale=0.3,toolkit,0,0.3,0.0001,0.0001,2500.0,1251
0.35,84000.0,33600.0,50000.0,0.002,0.002,0.003,0.004,35000.0,300000.0,40.0,200000.0,0.3,0.001,regime,dittus,3.0,0.5,10,True,completed,,0,,3.832435880298453,2.335700501211395e-09,0.532081344302478,0.5271349307936611,1.043559915388335,1.6786866188227731,3.7814628093072473,53.21712870487387,77.7409836624824,1058.0,1488.0,1846.0,91.86670565671548,73.7305037854196,66.56972535516762,28.42731387193571,-0.0038890059914647745,-0.0021486237943986785,-0.004127153530905936,0.010263509556899215,2500.0,51.59382367100079,,,power,power_scale=0.35,toolkit,0,0.3,0.0001,0.0001,2500.0,1251
0.4,84000.0,33600.0,50000.0,0.002,0.002,0.003,0.004,35000.0,300000.0,40.0,200000.0,0.3,0.001,regime,dittus,3.0,0.5,10,True,completed,,0,,4.751742420857767,4.340040734690879e-09,0.5331762141921672,0.5276319791927949,1.0442516599284466,1.6786866188536944,3.783746472167103,55.073229365839865,77.8369973309418,1010.0,1424.0,1778.0,95.05078232305678,75.92189301114436,68.43906365273793,25.24323720559441,-0.00429207068511775,-0.0023893122315066474,-0.004644116103934051,0.009809501553183874,2500.0,53.94499727499988,,,power,power_scale=0.4,toolkit,0,0.3,0.0001,0.0001,2500.0,1251
0.45,84000.0,33600.0,50000.0,0.002,0.002,0.003,0.004,35000.0,300000.0,40.0,200000.0,0.3,0.001,regime,dittus,3.0,0.5,10,True,completed,,0,,5.712451013603961,7.3515531848372244e-09,0.534241897795381,0.5281232807919641,1.0449373391172507,1.6786866188844016,3.785989136588997,56.92232316869237,77.85340895435515,966.0,1370.0,1718.0,97.59791628252256,78.19519500399579,69.99905699643483,22.69610324612863,-0.004686767698399973,-0.002626014730078813,-0.005156684717748214,0.009374522588586735,2500.0,52.14488207300019,,,power,power_scale=0.45,toolkit,0,0.3,0.0001,0.0001,2500.0,1251
0.5,84000.0,33600.0,50000.0,0.002,0.002,0.003,0.004,35000.0,300000.0,40.0,200000.0,0.3,0.001,regime,dittus,3.0,0.5,10,True,completed,,0,,6.702864140690941,1.169348671551823e-08,0.5352795393951072,0.5286089403378679,1.0456170352757508,1.6786866189149035,3.788192133923629,58.76469297474671,77.87306815289935,926.0,1318.0,1666.0,99.88285022073705,80.15966761359617,72.04227077144597,20.411169307914136,-0.005082530879520611,-0.0028644425679820234,-0.00568187445772418,0.00888649090963898,2500.0,53.42186020600002,,,power,power_scale=0.5,toolkit,0,0.3,0.0001,0.0001,2500.0,1251
0.55,84000.0,33600.0,50000.0,0.002,0.002,0.003,0.004,35000.0,300000.0,40.0,200000.0,0.3,0.001,regime,dittus,3.0,0.5,10,True,completed,,0,,7.7128647632082385,1.7538898320409667e-08,0.5362902108377929,0.5290890595024349,1.046290828915747,1.6786866189452083,3.7903567182011835,60.60060428785289,77.85509801755349,898.0,1278.0,1620.0,101.84588684916224,81.99302378329277,73.6619145843247,18.44813267948895,-0.005473666934863413,-0.0031000316225762306,-0.006201793563738035,0.008469827510816883,2500.0,49.67969968899979,,,power,power_scale=0.55,toolkit,0,0.3,0.0001,0.0001,2500.0,1251
0.6,84000.0,33600.0,50000.0,0.002,0.002,0.003,0.004,35000.0,300000.0,40.0,200000.0,0.3,0.001,regime,dittus,3.0,0.5,10,True,completed,,0,,8.733713299836191,2.520911392578146e-08,0.537274917558128,0.5295637370034514,1.0469587987930413,1.6786866189753233,3.7924840723299442,62.43030666656761,77.93489025949611,866.0,1238.0,1576.0,103.69991730085661,83.9602734588334,75.23077447543554,16.59410222779458,-0.005880197432543979,-0.0033462881629450062,-0.006755968626204553,0.007981514649836546,2500.0,53.18470380999952,,,power,power_scale=0.6,toolkit,0,0.3,0.0001,0.0001,2500.0,1251
0.65,84000.0,33600.0,50000.0,0.002,0.002,0.003,0.004,35000.0,300000.0,40.0,200000.0,0.3,0.001,regime,dittus,3.0,0.5,10,True,completed,,0,,9.757872485966033,3.286338789472578e-10,0.5382346039826427,0.5300330687192911,1.0476210219586835,1.6786866190052576,3.7945753136658755,64.2540349915822,77.97480028924674,840.0,1204.0,1538.0,106.05603409543858,85.44857839832714,76.97029353850024,14.237985433212614,-0.006290430330391228,-0.003589939391711887,-0.007307270372260793,0.007604621620693912,2500.0,53.47571352700015,,,power,power_scale=0.65,toolkit,0,0.3,0.0001,0.0001,2500.0,1251
0.7,84000.0,33600.0,50000.0,0.002,0.002,0.003,0.004,35000.0,300000.0,40.0,200000.0,0.3,0.001,regime,dittus,3.0,0.5,10,True,completed,,0,,10.778855707125311,3.201491276777791e-10,0.5391701583864644,0.5304971477978473,1.0482775738082843,1.678686619035017,3.796631499027613,66.07201060580906,77.93543650441696,814.0,1170.0,1500.0,107.903047079686,87.13527695189197,77.9695689386973,12.390972448965186,-0.006746422004951708,-0.003858770957260201,-0.007932672636522085,0.007193369240072227,2500.0,52.27402502899986,,,power,power_scale=0.7,toolkit,0,0.3,0.0001,0.0001,2500.0,1251
0.75,84000.0,33600.0,50000.0,0.002,0.002,0.003,0.004,35000.0,300000.0,40.0,200000.0,0.3,0.001,regime,dittus,3.0,0.5,10,True,completed,,0,,11.791095606044237,3.4861244971521144e-10,0.5400824172726024,0.5309560647605857,1.048928528129627,1.6786866190646084,3.7986536292274233,67.88444234279268,78.01141166053048,792.0,1144.0,1468.0,109.18096551330738,88.93855569078792,79.16145737533833,11.113054015343806,-0.007219107816069233,-0.004121677187950154,-0.008546959123355579,0.007201008870038057,2500.0,54.50486301700039,,,power,power_scale=0.75,toolkit,0,0.3,0.0001,0.0001,2500.0,1251
0.8,84000.0,33600.0,50000.0,0.002,0.002,0.003,0.004,35000.0,300000.0,40.0,200000.0,0.3,0.001,regime,dittus,3.0,0.5,10,True,completed,,0,,12.789829976670315,3.548517057249737e-10,0.5409721693249838,0.5314099076012809,1.0495739571484695,1.6786866190940377,3.8006426531687723,69.69152745586057,78.0299426861046,774.0,1118.0,1438.0,111.33610873244606,89.91053273907477,80.19653587114728,8.957910796205127,-0.007765308740438744,-0.00436422454175802,-0.009138198750106404,0.007910011494459324,2500.0,54.6750796260003,,,power,power_scale=0.8,toolkit,0,0.3,0.0001,0.0001,2500.0,1251
0.85,84000.0,33600.0,50000.0,0.002,0.002,0.003,0.004,35000.0,300000.0,40.0,200000.0,0.3,0.001,regime,dittus,3.0,0.5,10,True,completed,,0,,13.771002525896371,3.6501545004625537e-10,0.5418401589875795,0.5318587618802456,1.050213931572744,1.6786866191233125,3.802599471563882,71.4934524597695,78.07330419925177,754.0,1092.0,1410.0,113.13370093240368,91.5478948753991,81.56602462305025,7.160318596247507,-0.008201971071890147,-0.004196972261208301,-0.008744705322926871,0.011403977987443421,2500.0,52.56135528999948,,,power,power_scale=0.85,toolkit,0,0.3,0.0001,0.0001,2500.0,1251
0.9,84000.0,33600.0,50000.0,0.002,0.002,0.003,0.004,35000.0,300000.0,40.0,200000.0,0.3,0.001,regime,dittus,3.0,0.5,10,True,completed,,0,,14.731176431963286,3.9870936805241255e-10,0.5426870897104986,0.5323027108141193,1.0508485206351752,1.678686619152437,3.80452494031223,73.29039389449366,78.12386150918493,740.0,1076.0,1388.0,115.19148695150801,97.39246061480796,100.27910925069759,5.1025325771431795,-0.005398929198486494,0.0006380308547654697,-0.0005589660385641525,0.004935065168113473,2500.0,58.64482410299934,,,power,power_scale=0.9,toolkit,0,0.3,0.0001,0.0001,2500.0,1251
0.95,84000.0,33600.0,50000.0,0.002,0.002,0.003,0.004,35000.0,300000.0,40.0,200000.0,0.3,0.001,regime,dittus,3.0,0.5,10,True,saturation,"SaturationReachedError: Channel 'HotChannel' reached saturation: bulk coolant in cell(s) [1] is at/above Tsat (worst cell 1: T_bulk=120.50°C >= Tsat=120.50°C). STREAM's single-phase model ends at bulk saturation — two-phase flow is not modelled — so the solve was stopped here. Reduce power, raise pressure, or increase flow to keep the channel subcooled.",0,,15.667458958288076,4.347630656971654e-10,0.5435136269000302,0.5327418353614963,1.0514777921343916,1.6786866191814176,3.806419873577336,75.08251901970817,78.11743337045417,722.0,1054.0,1362.0,120.49939927262405,112.75843337841714,113.21527980457905,-0.20537974397285552,-0.005071077036946048,7.711011076497584e-05,-0.0034059820141255372,0.007834520391238518,2460.9398868307653,59.66807784899993,,,power,power_scale=0.95,toolkit,0,0.3,0.0001,0.0001,2500.0,1251
1.0,84000.0,33600.0,50000.0,0.002,0.002,0.003,0.004,35000.0,300000.0,40.0,200000.0,0.3,0.001,regime,dittus,3.0,0.5,10,True,saturation,"SaturationReachedError: Channel 'HotChannel' reached saturation: bulk coolant in cell(s) [1] is at/above Tsat (worst cell 1: T_bulk=120.50°C >= Tsat=120.50°C). STREAM's single-phase model ends at bulk saturation — two-phase flow is not modelled — so the solve was stopped here. Reduce power, raise pressure, or increase flow to keep the channel subcooled.",0,,16.577435542039765,4.3301090960770366e-10,0.5443204006047261,0.5331762143046239,1.0521018124745962,1.6786866192102594,3.8082850465942055,76.86998644744061,78.14014140046223,704.0,1032.0,1336.0,120.49941841933524,111.57798418332273,113.6322526348608,-0.2053988906840516,-0.005446656372743928,0.0001504046298300017,-0.0033848121108849727,0.008123978249583684,2413.397997726979,35.272006874,,,power,power_scale=1.0,toolkit,0,0.3,0.0001,0.0001,2500.0,1251
